PLAYER,TEAM,AGE,HEIGHT,WEIGHT,,,,,,,,,,,,,,,
Anthony Gill,WAS,30,6-8,230,,,,,,,,,,,5.8,10,11.6,60.4,7.4
Bradley Beal,WAS,29,6-4,207,,,,,,,,,,,2.6,9.1,28.8,59.3,26
Corey Kispert,WAS,24,6-6,224,,,,,,,,,,,1.6,8.2,13.9,65.7,5.6
Daniel Gafford,WAS,24,6-10,234,,,,,,,,,,,10.3,15.9,14.6,73.9,7.4
Delon Wright,WAS,31,6-5,185,,,,,,,,,,,5,9.7,12.5,58.1,20.9
Deni Avdija,WAS,22,6-9,210,,,,,,,,,,,3.8,19.6,16.5,53.5,14.2
Devon Dotson,WAS,23,6-1,185,,,,,,,,,,,10.7,8.5,10.2,15,21.1
Isaiah Todd,WAS,21,6-9,219,,,,,,,,,,,2.7,15.2,14.3,22.6,8.7
Jamaree Bouyea,WAS,23,6-2,180,,,,,,,,,,,1.6,8.6,12,50.4,9.1
Jay Huff,WAS,25,7-1,240,,,,,,,,,,,6,15.3,15.5,79.6,13.5
Johnny Davis,WAS,21,6-4,195,,,,,,,,,,,2,12.5,19.2,44.6,10
Jordan Goodwin,WAS,24,6-3,200,,,,,,,,,,,5,13.1,16.5,53.1,22
Jordan Schakel,WAS,24,6-6,200,,,,,,,,,,,0,0,15.4,75,16.7
Kendrick Nunn,WAS,27,6-3,190,,,,,,,,,,,1.5,9,22.7,53,13.7
Kristaps Porzingis,WAS,27,7-3,240,,,,,,,,,,,5.7,19.4,27.2,62.7,12.5
Kyle Kuzma,WAS,27,6-9,221,,,,,,,,,,,2.5,17.2,27.3,54.4,16.4
Monte Morris,WAS,27,6-2,183,,,,,,,,,,,1.6,10.6,15.5,57.9,24.9
Quenton Jackson,WAS,24,6-5,173,,,,,,,,,,,1.4,4.4,16.4,54.2,15.5
Taj Gibson,WAS,37,6-9,232,,,,,,,,,,,6.8,14.3,15.1,58.5,9.4
Xavier Cooks,WAS,27,6-8,183,,,,,,,,,,,11.3,15.2,12.7,58.6,6.1
Collin Sexton,UTA,24,6-2,190,,,,,,,,,,,3.2,5.6,23,61.6,17.8
Damian Jones,UTA,27,6-11,245,,,,,,,,,,,7.8,15.2,10.2,71.9,4.4
Frank Jackson,UTA,25,6-3,205,,,,,,,,,,,12.5,33.3,25,0,25
Jarrell Brantley,UTA,26,6-5,250,,,,,,,,,,,2,9.3,17.2,73.9,12.5
Johnny Juzang,UTA,22,6-6,209,,,,,,,,,,,2.9,12.2,18.7,41.1,5.1
Jordan Clarkson,UTA,30,6-5,194,,,,,,,,,,,3.6,8.3,27.3,55.8,20.9
Juan Toscano-Anderson,UTA,30,6-6,209,,,,,,,,,,,3.7,12.8,10.9,50.5,12.2
Kelly Olynyk,UTA,32,6-11,240,,,,,,,,,,,4.2,16.4,17.6,64.3,17.3
Kris Dunn,UTA,29,6-3,205,,,,,,,,,,,1.5,14.8,19.5,60.6,31.5
Lauri Markkanen,UTA,25,7-0,240,,,,,,,,,,,5.5,18.3,25.9,64.1,8.6
Leandro Bolmaro,UTA,22,6-6,200,,,,,,,,,,,5.1,4,15.5,15,12.1
Luka Samanic,UTA,23,6-10,227,,,,,,,,,,,0,16.1,19.3,55,11.5
Micah Potter,UTA,25,6-8,248,,,,,,,,,,,4.6,22,12.1,80,13.3
Ochai Agbaji,UTA,23,6-5,215,,,,,,,,,,,3.4,5.8,15.4,56.1,7.2
Rudy Gay,UTA,36,6-8,250,,,,,,,,,,,3.8,14.8,17.4,47.3,9.5
Simone Fontecchio,UTA,27,6-7,209,,,,,,,,,,,3.6,7,19.2,49.5,7.9
Talen Horton-Tucker,UTA,22,6-4,234,,,,,,,,,,,3,11.7,25,50.8,27.4
Udoka Azubuike,UTA,23,6-11,270,,,,,,,,,,,8.2,22.4,11.3,77.4,4.3
Vernon Carey Jr.,UTA,22,6-10,270,,,,,,,,,,,8.1,29.6,14.7,33.8,21.4
Walker Kessler,UTA,21,7-0,245,,,,,,,,,,,13.3,20.5,13,70.2,5.7
Chris Boucher,TOR,30,6-9,200,,,,,,,,,,,9.4,19,17.5,59,2.9
Christian Koloko,TOR,22,7-0,230,,,,,,,,,,,9.4,11,10,51.7,5
Dalano Banton,TOR,23,6-7,204,,,,,,,,,,,3.6,13,22.9,50.5,20.2
Fred VanVleet,TOR,29,6-0,197,,,,,,,,,,,1.1,11,22.5,54,27.6
Gary Trent Jr.,TOR,24,6-5,209,,,,,,,,,,,1.3,7.3,20.9,56,7.5
Jakob Poeltl,TOR,27,7-1,245,,,,,,,,,,,11.7,24,18,63.5,14.6
Jeff Dowtin Jr.,TOR,25,6-3,177,,,,,,,,,,,2.2,6.9,10.6,50,15.4
Joe Wieskamp,TOR,23,6-6,205,,,,,,,,,,,0,6.8,11.5,32.1,8.3
Juancho Hernangomez,TOR,27,6-9,214,,,,,,,,,,,4.2,16.9,9.2,50.4,5.1
Malachi Flynn,TOR,25,6-1,175,,,,,,,,,,,1.9,9.7,16.8,47.9,14.5
O.G. Anunoby,TOR,25,6-7,232,,,,,,,,,,,3.7,11,19.2,58.6,8
Otto Porter Jr.,TOR,29,6-8,198,,,,,,,,,,,3.8,9.6,10.4,65.6,7.8
Pascal Siakam,TOR,29,6-8,230,,,,,,,,,,,4.7,17.7,27,56.5,24.4
Precious Achiuwa,TOR,23,6-8,225,,,,,,,,,,,8.3,21.3,19,55.4,6.3
Ron Harper Jr.,TOR,23,6-5,245,,,,,,,,,,,5.4,9.3,13.6,60.8,10.8
Scottie Barnes,TOR,21,6-8,225,,,,,,,,,,,6.3,13.5,20,52.4,19.5
Thaddeus Young,TOR,34,6-8,235,,,,,,,,,,,8.3,13.6,13.1,57.3,13.3
Will Barton,TOR,32,6-5,181,,,,,,,,,,,1.4,12.5,18.2,49.3,16.2
Alize Johnson,SAS,27,6-8,212,,,,,,,,,,,6.3,21.1,14.5,50.9,4.2
Blake Wesley,SAS,20,6-4,185,,,,,,,,,,,1.6,10.1,18,39.3,20.1
Charles Bassey,SAS,22,6-9,230,,,,,,,,,,,14,23.2,15.2,65.8,13.1
Devin Vassell,SAS,22,6-5,200,,,,,,,,,,,0.6,12.5,24,55,17.3
Devonte' Graham,SAS,28,6-1,195,,,,,,,,,,,1.3,8.1,16.5,55.2,20.7
Dominick Barlow,SAS,19,6-9,215,,,,,,,,,,,10,13.1,10.7,56.7,7.9
Doug McDermott,SAS,31,6-6,225,,,,,,,,,,,1.6,8.5,18.6,59,9.8
Gorgui Dieng,SAS,33,6-10,248,,,,,,,,,,,6.3,22,17.7,49.3,22.1
Jeremy Sochan,SAS,19,6-8,230,,,,,,,,,,,6,14,19.5,50.9,13.2
Jordan Hall,SAS,21,6-7,215,,,,,,,,,,,3.3,12.9,19.7,43.8,22
Joshua Primo,SAS,20,6-6,189,,,,,,,,,,,1.9,11.3,17.3,46.7,23.7
Julian Champagnie,SAS,21,6-7,217,,,,,,,,,,,2.7,14.7,18.1,60,4.3
Keita Bates-Diop,SAS,27,6-8,229,,,,,,,,,,,4.2,13,16.5,60.9,9.9
Keldon Johnson,SAS,23,6-5,220,,,,,,,,,,,2.5,13.3,27.3,55.1,13.7
Khem Birch,SAS,30,6-8,233,,,,,,,,,,,5.1,11.8,11.3,62.9,6.3
Malaki Branham,SAS,19,6-4,180,,,,,,,,,,,1.7,9.8,18.8,52.4,11.2
Romeo Langford,SAS,23,6-5,216,,,,,,,,,,,6,6.7,14.8,52.4,8
Sandro Mamukelashvili,SAS,23,6-10,240,,,,,,,,,,,9.3,17.8,17.7,51.6,13.4
Stanley Johnson,SAS,26,6-6,242,,,,,,,,,,,4.7,15,14.8,62.5,17.9
Tre Jones,SAS,23,6-1,185,,,,,,,,,,,2.6,9.9,18.9,53.4,30.6
Zach Collins,SAS,25,6-11,250,,,,,,,,,,,7.6,19,20.9,59.9,18
Alex Len,SAC,29,7-2,250,,,,,,,,,,,14.3,19.4,13.2,58,9.9
Chima Moneke,SAC,27,6-5,223,,,,,,,,,,,25,0,25,34.7,25
Chimezie Metu,SAC,26,6-9,225,,,,,,,,,,,6.8,20.6,16.8,63.9,8
Davion Mitchell,SAC,24,6-0,202,,,,,,,,,,,1.2,6.2,14,54.5,17.3
De'Aaron Fox,SAC,25,6-3,185,,,,,,,,,,,1.7,11.1,28.8,59.9,28.1
Deonte Burton,SAC,29,6-4,240,,,,,,,,,,,0,0,13.3,0,0
Domantas Sabonis,SAC,27,7-1,240,,,,,,,,,,,9.6,27.5,21.3,66.8,29.7
Harrison Barnes,SAC,30,6-8,225,,,,,,,,,,,3.4,10.7,16.8,63.2,6.3
KZ Okpala,SAC,24,6-8,215,,,,,,,,,,,2.8,10.2,8.1,55.4,6.5
Keegan Murray,SAC,22,6-8,225,,,,,,,,,,,3.8,12.3,15.6,59.7,5.3
Keon Ellis,SAC,23,6-3,175,,,,,,,,,,,5.6,6.3,12.4,62.9,13.6
Kessler Edwards,SAC,22,6-7,203,,,,,,,,,,,5.9,10.2,11.9,50.2,7.3
Kevin Huerter,SAC,24,6-7,198,,,,,,,,,,,2,10,19.7,61.7,13.7
Malik Monk,SAC,25,6-3,200,,,,,,,,,,,1.9,9.7,24.7,58.7,25.8
Matthew Dellavedova,SAC,32,6-3,200,,,,,,,,,,,0.5,5.4,12.2,44.3,27.9
Neemias Queta,SAC,23,7-0,248,,,,,,,,,,,13.5,21.4,14.1,60.7,6.7
PJ Dozier,SAC,26,6-6,205,,,,,,,,,,,1.2,17.1,20.3,33.3,19.6
Richaun Holmes,SAC,29,6-8,235,,,,,,,,,,,8.2,14.9,13.2,66.8,4
Terence Davis,SAC,25,6-4,201,,,,,,,,,,,2.4,14,21.5,56.3,11
Trey Lyles,SAC,27,6-9,234,,,,,,,,,,,5.4,18.4,17.4,60.7,7.3
Anfernee Simons,POR,23,6-3,181,,,,,,,,,,,0.8,6.7,24.7,58.1,18.6
Cam Reddish,POR,23,6-7,217,,,,,,,,,,,1.7,7,16.6,56.1,8.5
Chance Comanche,POR,27,6-10,210,,,,,,,,,,,8,6.7,14,51.8,0
Damian Lillard,POR,32,6-2,195,,,,,,,,,,,2.2,11.2,33.1,64.5,33.8
Drew Eubanks,POR,26,6-10,245,,,,,,,,,,,8.4,18.3,12.2,66.6,9.2
Greg Brown III,POR,21,6-7,206,,,,,,,,,,,1.9,17.5,17,42.1,5.5
Jabari Walker,POR,20,6-7,200,,,,,,,,,,,7.4,13.5,16.4,49.6,8
Jeenathan Williams,POR,24,6-5,205,,,,,,,,,,,7,3.9,13.9,65.7,10
Jerami Grant,POR,29,6-8,210,,,,,,,,,,,2.5,10.4,22.7,60.6,10.3
John Butler Jr.,POR,20,7-0,190,,,,,,,,,,,1.2,6.5,10.2,41.1,6.6
Justin Minaya,POR,24,6-7,210,,,,,,,,,,,3,13.5,12.3,36.3,5.6
Justise Winslow,POR,27,6-6,222,,,,,,,,,,,6.2,12.3,13.9,46.6,17.7
Jusuf Nurkic,POR,28,7-0,290,,,,,,,,,,,8.4,25.8,21.8,58.9,16
Keon Johnson,POR,21,6-3,185,,,,,,,,,,,2.5,8.6,23.7,48.2,22.6
Kevin Knox II,POR,23,6-7,215,,,,,,,,,,,3.3,15.2,17.5,57.9,5.3
Matisse Thybulle,POR,26,6-5,201,,,,,,,,,,,3.2,8.5,10.2,55.2,5.9
Nassir Little,POR,23,6-5,220,,,,,,,,,,,2.8,12.2,15.8,55.5,7.5
Ryan Arcidiacono,POR,29,6-3,195,,,,,,,,,,,0,9,10.6,35.1,19.5
Shaedon Sharpe,POR,19,6-5,200,,,,,,,,,,,3.7,10.2,18.6,56.8,7.9
Skylar Mays,POR,25,6-4,205,,,,,,,,,,,1,9.7,18.2,62.4,36.8
Trendon Watford,POR,22,6-8,237,,,,,,,,,,,3.7,17.3,15.8,62.5,16.2
Bismack Biyombo,PHX,30,6-8,255,,,,,,,,,,,9.3,18.4,13.6,55.5,8.9
Cameron Payne,PHX,28,6-1,183,,,,,,,,,,,1.2,10,23.9,51.2,30.8
Chris Paul,PHX,38,6-0,175,,,,,,,,,,,1.4,11.8,19.5,55.5,38.9
Damion Lee,PHX,30,6-5,210,,,,,,,,,,,2.4,12.4,15.5,60.7,9.2
Darius Bazley,PHX,22,6-9,216,,,,,,,,,,,5.3,15.7,16.5,52.4,8.8
Deandre Ayton,PHX,24,7-0,250,,,,,,,,,,,8.4,24.7,23.1,61.7,9
Devin Booker,PHX,26,6-5,206,,,,,,,,,,,2.5,10.5,31.1,60.1,25.1
Ish Wainright,PHX,28,6-5,250,,,,,,,,,,,4.5,9.7,11.7,52.2,7.5
Jock Landale,PHX,27,6-11,255,,,,,,,,,,,11.4,16.4,18.2,59.5,10.1
Josh Okogie,PHX,24,6-4,213,,,,,,,,,,,7.8,10.2,17.4,53.1,10.4
Kevin Durant,PHX,34,6-10,240,,,,,,,,,,,1.2,16.6,30.5,67.7,22.8
Landry Shamet,PHX,26,6-4,190,,,,,,,,,,,1.3,7,18.6,53.7,16.7
Saben Lee,PHX,23,6-2,183,,,,,,,,,,,3,8.2,18.4,51.7,27.8
T.J. Warren,PHX,29,6-8,220,,,,,,,,,,,3.8,13.1,18.5,55,8.1
Terrence Ross,PHX,32,6-7,206,,,,,,,,,,,1.6,9.9,16.6,54.4,10.1
Torrey Craig,PHX,32,6-7,221,,,,,,,,,,,7.3,14.6,12.8,56.6,8
Danuel House Jr.,PHI,29,6-6,220,,,,,,,,,,,1.2,10.7,13.3,60,7.4
De'Anthony Melton,PHI,24,6-2,200,,,,,,,,,,,3.4,11.4,16.2,56.6,13.3
Dewayne Dedmon,PHI,33,6-10,245,,,,,,,,,,,7.5,23.1,19.5,57.7,10.8
Furkan Korkmaz,PHI,25,6-7,202,,,,,,,,,,,1.7,9.9,17.6,55.2,9.1
Georges Niang,PHI,29,6-7,230,,,,,,,,,,,1.3,10.9,16.2,61,7.4
Jaden Springer,PHI,20,6-4,202,,,,,,,,,,,6.3,9.1,18.8,54.5,12.9
Jalen McDaniels,PHI,25,6-9,205,,,,,,,,,,,3.1,14.5,16.5,55.7,9.4
James Harden,PHI,33,6-5,220,,,,,,,,,,,2.1,15.1,24.7,60.7,43.9
Joel Embiid,PHI,29,7-0,280,,,,,,,,,,,5.7,24.3,37,65.5,23.3
Louis King,PHI,24,6-7,205,,,,,,,,,,,6.7,7.4,20.5,74.4,9.1
Mac McClung,PHI,24,6-2,185,,,,,,,,,,,7.3,15.2,24.3,56.3,29
Michael Foster Jr.,PHI,20,6-8,250,,,,,,,,,,,0,0,0,0,0
Montrezl Harrell,PHI,29,6-7,240,,,,,,,,,,,10,13.3,17.8,63.1,7.3
P.J. Tucker,PHI,38,6-5,245,,,,,,,,,,,5.5,10.8,6.6,56.6,4
Paul Reed,PHI,23,6-9,210,,,,,,,,,,,14.7,20.7,15.2,62,5.1
Shake Milton,PHI,26,6-5,205,,,,,,,,,,,2.6,9.6,17.5,57.5,21.3
Tobias Harris,PHI,30,6-7,226,,,,,,,,,,,3,15,18,60.2,11.4
Tyrese Maxey,PHI,22,6-2,200,,,,,,,,,,,1.2,7.9,23.6,60.5,16.7
Admiral Schofield,ORL,26,6-5,241,,,,,,,,,,,4.7,9.2,13.9,58.7,10.3
Bol Bol,ORL,23,7-2,220,,,,,,,,,,,4.6,22,17.7,60.3,6.9
Caleb Houstan,ORL,20,6-8,205,,,,,,,,,,,4.1,8.3,10.7,50.8,5.1
Chuma Okeke,ORL,24,6-8,229,,,,,,,,,,,4.9,13.2,12.1,48.8,10.1
Cole Anthony,ORL,22,6-3,185,,,,,,,,,,,3,15.2,20.9,57,22.8
Franz Wagner,ORL,21,6-10,220,,,,,,,,,,,2.7,9.8,23,58.9,16.7
Gary Harris,ORL,28,6-4,210,,,,,,,,,,,1.8,6.9,12.5,62,6.7
Goga Bitadze,ORL,23,6-11,250,,,,,,,,,,,12.3,16.7,14.7,58.2,12.2
Jalen Suggs,ORL,21,6-5,205,,,,,,,,,,,4.4,8.3,19.6,52.8,17.9
Jay Scrubb,ORL,22,6-5,220,,,,,,,,,,,0,30,15.1,82.5,5.6
Jonathan Isaac,ORL,25,6-10,230,,,,,,,,,,,9.9,25,19.8,48.3,8.5
Kevon Harris,ORL,25,6-6,216,,,,,,,,,,,5.7,9.2,12.9,56.4,4.9
Markelle Fultz,ORL,24,6-4,209,,,,,,,,,,,3.8,9.5,20.8,56.4,29
Michael Carter-Williams,ORL,31,6-5,190,,,,,,,,,,,2.1,12.5,19.1,49.8,28
Moritz Wagner,ORL,26,6-11,245,,,,,,,,,,,6,17.2,20.1,63,11.5
Paolo Banchero,ORL,20,6-10,250,,,,,,,,,,,3.5,17.4,27.2,52.9,17.1
Wendell Carter Jr.,ORL,24,6-10,270,,,,,,,,,,,7.4,22.1,20.4,62.1,11.9
Aaron Wiggins,OKC,24,6-5,190,,,,,,,,,,,5,10.9,14.3,60.7,8.4
Aleksej Pokusevski,OKC,21,7-0,210,,,,,,,,,,,5.8,16,17.9,52.2,13
Dario Saric,OKC,29,6-10,225,,,,,,,,,,,6.4,19.5,18.6,58.3,13.1
Isaiah Joe,OKC,23,6-3,165,,,,,,,,,,,1.8,10.8,17,62.6,8.7
Jalen Williams,OKC,22,6-5,211,,,,,,,,,,,3.5,10.9,18,60.1,15.2
Jared Butler,OKC,22,6-3,193,,,,,,,,,,,1.3,3.4,20.8,57.8,16
Jaylin Williams,OKC,20,6-9,240,,,,,,,,,,,4.5,23,13.3,55.9,10.9
Jeremiah Robinson-Earl,OKC,22,6-8,240,,,,,,,,,,,8.2,12.9,14.3,54.8,6.9
Josh Giddey,OKC,20,6-8,216,,,,,,,,,,,5.8,18.9,23.9,53.3,29.3
Kenrich Williams,OKC,28,6-6,210,,,,,,,,,,,7.5,13.7,13.4,58.5,11.7
Lindy Waters III,OKC,25,6-6,210,,,,,,,,,,,2.8,10.3,14.8,57.3,7.1
Luguentz Dort,OKC,24,6-4,220,,,,,,,,,,,5.3,9.2,19.4,51.3,9
Olivier Sarr,OKC,24,6-11,240,,,,,,,,,,,9,14.7,13,54.4,4.8
Ousmane Dieng,OKC,19,6-9,185,,,,,,,,,,,3,14.1,15.4,50.5,10.8
Shai Gilgeous-Alexander,OKC,24,6-6,195,,,,,,,,,,,2.3,10.9,31.8,62.6,24.9
Tre Mann,OKC,22,6-3,178,,,,,,,,,,,2.1,10.4,20,49.2,14.4
Derrick Rose,NYK,34,6-3,200,,,,,,,,,,,2.2,8.2,22,46.3,20.8
Duane Washington Jr.,NYK,23,6-2,197,,,,,,,,,,,0.4,8.5,29.8,45.8,26
Evan Fournier,NYK,30,6-6,205,,,,,,,,,,,0.8,9.6,17.9,47.1,11.1
Immanuel Quickley,NYK,23,6-2,190,,,,,,,,,,,2.4,11,20.3,57.8,17.8
Isaiah Hartenstein,NYK,25,7-0,250,,,,,,,,,,,12.2,19.2,10.7,56.7,8.3
Isaiah Roby,NYK,25,6-8,230,,,,,,,,,,,4,18.8,17.3,49.7,11.4
Jalen Brunson,NYK,26,6-2,190,,,,,,,,,,,1.6,8.5,26.6,59.7,28
Jericho Sims,NYK,24,6-10,250,,,,,,,,,,,11.7,17.5,7.4,78,4.4
Josh Hart,NYK,28,6-4,215,,,,,,,,,,,6,18.5,12.4,62.2,15.4
Julius Randle,NYK,28,6-8,250,,,,,,,,,,,5,22.6,28.8,58.1,18.4
Miles McBride,NYK,22,6-2,195,,,,,,,,,,,1.6,4.7,14.1,47.5,13
Mitchell Robinson,NYK,25,7-0,240,,,,,,,,,,,16.4,17.8,10.1,65.2,4.4
Obi Toppin,NYK,25,6-9,220,,,,,,,,,,,2.6,13.9,18.7,56.5,9.1
Quentin Grimes,NYK,23,6-5,210,,,,,,,,,,,2.2,8.5,14.2,61.9,9.6
RJ Barrett,NYK,22,6-6,214,,,,,,,,,,,2.3,12.1,25.6,53.1,12.4
Trevor Keels,NYK,19,6-4,221,,,,,,,,,,,0,25,21.1,37.5,0
Brandon Ingram,NOP,25,6-8,190,,,,,,,,,,,1.5,14.5,30.6,58.2,27.7
CJ McCollum,NOP,31,6-3,190,,,,,,,,,,,2.1,10.4,26,54.1,24.2
Dereon Seabron,NOP,22,6-5,180,,,,,,,,,,,6.7,0,15.6,40,0
Dyson Daniels,NOP,20,6-7,199,,,,,,,,,,,3.5,14,11.3,50.3,17.2
Garrett Temple,NOP,37,6-6,195,,,,,,,,,,,2.7,6.9,12.3,53.5,11.7
Herbert Jones,NOP,24,6-7,206,,,,,,,,,,,5.1,8.9,14.4,56.7,10.8
Jaxson Hayes,NOP,22,7-0,220,,,,,,,,,,,5.8,15.3,14.9,60.5,8.8
Jonas Valanciunas,NOP,31,6-11,265,,,,,,,,,,,11.5,29.3,22.9,61,10.8
Jose Alvarado,NOP,25,6-0,179,,,,,,,,,,,2.2,8.7,19.1,52.5,19.9
Josh Richardson,NOP,29,6-6,200,,,,,,,,,,,2.6,8.7,18,55.5,16
Kira Lewis Jr.,NOP,22,6-1,170,,,,,,,,,,,2.1,10.9,19.2,58.4,13.7
Larry Nance Jr.,NOP,30,6-8,245,,,,,,,,,,,8.1,18.4,11.8,64.9,11.7
Naji Marshall,NOP,25,6-7,220,,,,,,,,,,,2.7,13.2,17.2,53.9,14.7
Trey Murphy III,NOP,22,6-8,206,,,,,,,,,,,2.5,9.2,15.9,65,6.3
Willy Hernangomez,NOP,28,6-11,250,,,,,,,,,,,11.8,26.2,22.2,61,11.4
Zion Williamson,NOP,22,6-6,284,,,,,,,,,,,6,14.8,28.8,65.2,23.1
Anthony Edwards,MIN,21,6-4,225,,,,,,,,,,,1.7,13.9,29.2,56.4,19.2
Austin Rivers,MIN,30,6-4,200,,,,,,,,,,,0.5,7.8,10.4,56.4,9.5
Bryn Forbes,MIN,29,6-2,205,,,,,,,,,,,1.5,4,15.5,49.7,8.7
Jaden McDaniels,MIN,22,6-9,185,,,,,,,,,,,3.9,8.6,15.6,61.1,8.2
Jaylen Nowell,MIN,23,6-4,201,,,,,,,,,,,2.8,10.7,23.8,52.7,15.6
Jordan McLaughlin,MIN,27,6-0,185,,,,,,,,,,,2.2,6.5,11.2,52.6,26.4
Josh Minott,MIN,20,6-8,205,,,,,,,,,,,5.4,19.4,17.6,58.2,6.5
Karl-Anthony Towns,MIN,27,7-0,248,,,,,,,,,,,5,18.1,25,61.8,22.5
Kyle Anderson,MIN,29,6-9,230,,,,,,,,,,,3.5,15.2,14.3,58.3,22.5
Luka Garza,MIN,24,6-10,243,,,,,,,,,,,13,12.8,24.5,65.2,10.3
Matt Ryan,MIN,26,6-6,215,,,,,,,,,,,1.3,6.7,15.7,53.8,6.8
Mike Conley,MIN,35,6-1,175,,,,,,,,,,,1.6,7.5,16.1,58.3,29.5
Nathan Knight,MIN,25,6-8,253,,,,,,,,,,,7.2,11.8,17.7,65.5,6.5
Naz Reid,MIN,23,6-9,264,,,,,,,,,,,5.8,20.5,24.2,61.7,9.8
Nickeil Alexander-Walker,MIN,24,6-5,205,,,,,,,,,,,1.7,9.5,17.7,56.5,16.8
Rudy Gobert,MIN,30,7-1,258,,,,,,,,,,,11.1,26,16.1,67.5,5.8
Taurean Prince,MIN,29,6-6,218,,,,,,,,,,,1.3,9.6,16.5,59.7,9.4
Wendell Moore Jr.,MIN,21,6-5,215,,,,,,,,,,,2.5,8.6,13.9,46.5,16.2
AJ Green,MIL,23,6-5,190,,,,,,,,,,,1.6,10.5,15.9,60.7,9.2
Bobby Portis,MIL,28,6-11,250,,,,,,,,,,,8,26.3,21.1,57.5,8.7
Brook Lopez,MIL,35,7-1,282,,,,,,,,,,,6.4,13.5,18.7,63,6
Giannis Antetokounmpo,MIL,28,7-0,243,,,,,,,,,,,6.5,26.8,37.3,60.5,31.4
Goran Dragic,MIL,37,6-4,190,,,,,,,,,,,1.8,7.5,19.8,51.4,23.7
Grayson Allen,MIL,27,6-4,198,,,,,,,,,,,3,8.2,14.3,61.2,10.7
Jae Crowder,MIL,32,6-6,235,,,,,,,,,,,4.6,13.4,12.5,62.4,10.2
Jevon Carter,MIL,27,6-1,200,,,,,,,,,,,1.8,8.4,14.9,56,15
Joe Ingles,MIL,35,6-9,220,,,,,,,,,,,1.2,10.2,12.2,61.6,18.1
Jrue Holiday,MIL,32,6-5,205,,,,,,,,,,,3.5,10.7,24.4,58.6,32.1
Khris Middleton,MIL,31,6-7,222,,,,,,,,,,,3.4,12.2,25.9,55.1,28.8
Lindell Wigginton,MIL,25,6-1,189,,,,,,,,,,,0,7.7,25.1,61,26.4
MarJon Beauchamp,MIL,22,6-7,199,,,,,,,,,,,5,10.3,17.5,51.3,7.2
Meyers Leonard,MIL,31,7-0,260,,,,,,,,,,,10.3,19.5,14,65.2,1.2
Pat Connaughton,MIL,30,6-5,209,,,,,,,,,,,3.3,14.4,13.3,53.1,6.9
Serge Ibaka,MIL,33,6-11,235,,,,,,,,,,,7.3,15.3,15.9,55.3,3.6
Thanasis Antetokounmpo,MIL,30,6-7,219,,,,,,,,,,,7.5,13.9,13.8,45.8,11.5
Wesley Matthews,MIL,36,6-5,220,,,,,,,,,,,4,8.7,9.5,51.9,5.3
Bam Adebayo,MIA,25,6-9,255,,,,,,,,,,,7.3,20.6,25.1,59.2,15.4
Caleb Martin,MIA,27,6-5,205,,,,,,,,,,,4.4,13,14.3,57.1,8.2
Cody Zeller,MIA,30,6-11,240,,,,,,,,,,,11.7,20,17.5,65.9,7.7
Duncan Robinson,MIA,29,6-7,215,,,,,,,,,,,1.2,9.4,17.2,53.4,10.1
Gabe Vincent,MIA,26,6-2,200,,,,,,,,,,,1.6,7.1,17,53.3,13.9
Haywood Highsmith,MIA,26,6-5,220,,,,,,,,,,,5.5,13.5,12.1,51.7,6.5
Jamal Cain,MIA,24,6-6,191,,,,,,,,,,,6.4,14.2,13.9,64.7,7.6
Jimmy Butler,MIA,33,6-7,230,,,,,,,,,,,6.8,12.1,24.8,64.7,26.4
Kevin Love,MIA,34,6-8,251,,,,,,,,,,,5,28.7,18.5,54.8,13.1
Kyle Lowry,MIA,37,6-0,196,,,,,,,,,,,2.5,11.2,16.2,56.5,23.3
Max Strus,MIA,27,6-5,215,,,,,,,,,,,2.1,9.7,17,55.7,11.5
Nikola Jovic,MIA,19,6-10,205,,,,,,,,,,,4.3,11.9,18.5,53,7.6
Omer Yurtseven,MIA,24,6-11,275,,,,,,,,,,,8.9,17.9,15.9,67.5,3.5
Orlando Robinson,MIA,22,6-10,235,,,,,,,,,,,10.8,20.1,11.6,56.5,8.6
Tyler Herro,MIA,23,6-5,195,,,,,,,,,,,1.2,15.4,25,56.6,19
Udonis Haslem,MIA,42,6-7,235,,,,,,,,,,,4.7,10.1,18.5,43.3,0
Victor Oladipo,MIA,31,6-3,213,,,,,,,,,,,1.4,10.9,20.4,51.3,20.6
Brandon Clarke,MEM,26,6-8,215,,,,,,,,,,,7.9,17.7,17.4,68.1,10
David Roddy,MEM,22,6-4,255,,,,,,,,,,,3.7,10.7,16.3,51.9,6.4
Desmond Bane,MEM,24,6-5,215,,,,,,,,,,,2.2,12.3,25.2,60.6,20.2
Dillon Brooks,MEM,27,6-6,225,,,,,,,,,,,1.9,8.4,21.4,49.4,11.7
Ja Morant,MEM,23,6-2,174,,,,,,,,,,,2.9,13.9,33.8,55.7,41.2
Jacob Gilyard,MEM,24,5-9,160,,,,,,,,,,,0,9.5,5.2,50,21.2
Jake LaRavia,MEM,21,6-7,235,,,,,,,,,,,4.4,10,11.7,53.1,6.8
Jaren Jackson Jr.,MEM,23,6-10,242,,,,,,,,,,,5.8,15.9,24.3,61.3,4.8
John Konchar,MEM,27,6-5,210,,,,,,,,,,,4,15.2,10,54.2,8.2
Kennedy Chandler,MEM,20,5-11,170,,,,,,,,,,,2.9,10.3,15,44,27.8
Kenneth Lofton Jr.,MEM,20,6-6,275,,,,,,,,,,,9.7,19.8,26.7,57.2,19.8
Luke Kennard,MEM,26,6-5,206,,,,,,,,,,,1.2,10.4,14.4,68.4,9.1
Santi Aldama,MEM,22,7-0,215,,,,,,,,,,,4.7,16.2,15.7,59.1,7.6
Steven Adams,MEM,29,6-11,265,,,,,,,,,,,17.1,22.2,13.9,56.4,10.7
Tyus Jones,MEM,26,6-2,196,,,,,,,,,,,1.4,8.4,17.5,54.6,28.6
Vince Williams Jr.,MEM,22,6-4,205,,,,,,,,,,,3,12,17.6,36.7,6.2
Xavier Tillman,MEM,24,6-7,245,,,,,,,,,,,9.5,15.5,13.6,62.1,10.9
Ziaire Williams,MEM,21,6-9,185,,,,,,,,,,,2.8,10.5,17.8,51.1,8.6
Anthony Davis,LAL,30,6-10,253,,,,,,,,,,,10.2,24.8,27.7,62.7,12.8
Austin Reaves,LAL,24,6-5,197,,,,,,,,,,,1.8,7.9,15.4,68.7,15.5
Cole Swider,LAL,24,6-9,220,,,,,,,,,,,2.4,15.8,8.9,50,10.5
D'Angelo Russell,LAL,27,6-4,193,,,,,,,,,,,1.6,7.5,22.5,60.5,27.4
Davon Reed,LAL,27,6-5,206,,,,,,,,,,,3.1,14.6,14.2,47.1,9.9
Dennis Schroder,LAL,29,6-1,172,,,,,,,,,,,1.1,6.7,18.3,54.5,20.2
Jarred Vanderbilt,LAL,24,6-8,214,,,,,,,,,,,9,21.6,13.6,60.4,13.4
LeBron James,LAL,38,6-9,250,,,,,,,,,,,3.3,19.1,32.2,58.3,30.8
Lonnie Walker IV,LAL,24,6-4,204,,,,,,,,,,,1.1,6.9,19.8,57,7.1
Malik Beasley,LAL,26,6-4,187,,,,,,,,,,,1.6,11.6,20.7,53.1,8.6
Max Christie,LAL,20,6-5,190,,,,,,,,,,,1.2,12.6,10,56.6,5.4
Mo Bamba,LAL,24,7-0,231,,,,,,,,,,,7.6,19.8,16.6,60.2,8.6
Rui Hachimura,LAL,25,6-8,230,,,,,,,,,,,3.6,14.1,19.4,55.6,6
Scotty Pippen Jr.,LAL,22,6-1,170,,,,,,,,,,,5,5.7,23.1,43.9,12.5
Shaquille Harrison,LAL,29,6-4,195,,,,,,,,,,,0.8,18.4,16.2,51.6,30.6
Sterling Brown,LAL,28,6-5,219,,,,,,,,,,,9.1,15.2,6.1,0,7.7
Troy Brown Jr.,LAL,23,6-7,215,,,,,,,,,,,3.3,12.3,11.9,56.1,6.7
Wenyen Gabriel,LAL,26,6-9,205,,,,,,,,,,,11.1,15.2,13.5,62.6,4.9
Amir Coffey,LAC,25,6-7,210,,,,,,,,,,,2.6,5.5,12.8,49.8,11.9
Bones Hyland,LAC,22,6-2,169,,,,,,,,,,,1.9,11.1,27.1,53.5,24.5
Brandon Boston Jr.,LAC,21,6-6,188,,,,,,,,,,,2.4,9.8,23.7,51.5,12.9
Eric Gordon,LAC,34,6-3,215,,,,,,,,,,,0.8,5.9,17.1,58.7,13.3
Ivica Zubac,LAC,26,7-0,240,,,,,,,,,,,11.4,23.8,14.9,66.1,5
Jason Preston,LAC,23,6-3,181,,,,,,,,,,,1.4,17.5,16.6,48.9,30.7
John Wall,LAC,32,6-3,210,,,,,,,,,,,1.8,9.6,25.9,49.7,38
Kawhi Leonard,LAC,31,6-7,225,,,,,,,,,,,3.4,16,26.7,62.3,19
Marcus Morris Sr.,LAC,33,6-8,218,,,,,,,,,,,1.7,12.7,17.6,53.4,9
Mason Plumlee,LAC,33,7-0,254,,,,,,,,,,,10.5,23.8,14.9,68.9,16.6
Moussa Diabate,LAC,21,6-10,210,,,,,,,,,,,13.7,10.6,12.5,54.6,2.9
Nicolas Batum,LAC,34,6-8,230,,,,,,,,,,,3.6,13.5,11.1,59.4,9.5
Norman Powell,LAC,29,6-4,215,,,,,,,,,,,1.5,9.3,25.1,61.2,11.5
Paul George,LAC,33,6-8,220,,,,,,,,,,,2.5,15.3,29.4,58.8,23.7
Robert Covington,LAC,32,6-7,209,,,,,,,,,,,3.8,16.4,14.9,58.4,10.5
Russell Westbrook,LAC,34,6-3,200,,,,,,,,,,,4.2,14.7,26.6,51.3,36.4
Terance Mann,LAC,26,6-5,215,,,,,,,,,,,4.2,10.7,14.9,61.9,13.9
Xavier Moon,LAC,28,6-0,165,,,,,,,,,,,0,15,23.3,38.9,45.5
Aaron Nesmith,IND,23,6-5,215,,,,,,,,,,,3.3,11.9,16.8,56.6,7.3
Andrew Nembhard,IND,23,6-3,191,,,,,,,,,,,1.6,7.8,15.9,52.8,22.2
Bennedict Mathurin,IND,20,6-5,210,,,,,,,,,,,3.7,10.3,23.5,56.6,7.8
Buddy Hield,IND,30,6-4,220,,,,,,,,,,,2.7,13.2,20.5,61.4,13.1
Chris Duarte,IND,25,6-5,190,,,,,,,,,,,2,10.6,18.1,49.6,10.1
Daniel Theis,IND,31,6-8,245,,,,,,,,,,,5.9,14.7,20.1,49.7,12.5
Gabe York,IND,29,6-3,190,,,,,,,,,,,0,9.4,17.3,54.8,10.9
George Hill,IND,37,6-4,188,,,,,,,,,,,1.7,7.7,11,61,17.8
Isaiah Jackson,IND,21,6-9,205,,,,,,,,,,,10,15.9,16.5,59.5,7.1
Jalen Smith,IND,23,6-9,215,,,,,,,,,,,9.3,20.1,20.1,56.5,7.6
James Johnson,IND,36,6-7,240,,,,,,,,,,,2.2,17.3,15.2,48.6,13.5
Jordan Nwora,IND,24,6-9,225,,,,,,,,,,,4.1,14.7,18.7,56.1,10.7
Kendall Brown,IND,19,6-7,205,,,,,,,,,,,5.1,8.9,9.3,57.1,9.1
Myles Turner,IND,27,6-11,250,,,,,,,,,,,4.9,20.5,22.5,65.1,7.4
Oshae Brissett,IND,24,6-7,210,,,,,,,,,,,5.4,14.4,15.5,52,5.5
T.J. McConnell,IND,31,6-1,190,,,,,,,,,,,2.8,12.3,18.2,59,39
Trevelin Queen,IND,26,6-6,190,,,,,,,,,,,8.6,13.8,19.4,33.7,10.9
Tyrese Haliburton,IND,23,6-5,185,,,,,,,,,,,1.8,9.2,23.8,62.4,45.7
Alperen Sengun,HOU,20,6-11,243,,,,,,,,,,,10.7,20.4,21.1,59.9,19.9
Boban Marjanovic,HOU,34,7-4,290,,,,,,,,,,,12.1,22.6,20.6,71,7.9
Daishen Nix,HOU,21,6-4,226,,,,,,,,,,,1.8,9.1,14.9,44.7,19.1
Darius Days,HOU,23,6-7,245,,,,,,,,,,,3.4,22.7,21,58.2,6.7
Frank Kaminsky,HOU,30,7-0,240,,,,,,,,,,,2.9,20.7,14.6,63.5,19.4
Jabari Smith Jr.,HOU,19,6-11,220,,,,,,,,,,,4.7,18,18.3,51.4,5.9
Jae'Sean Tate,HOU,27,6-5,230,,,,,,,,,,,5.4,11.4,17.8,54.6,18.4
Jalen Green,HOU,21,6-4,186,,,,,,,,,,,1.6,9.3,27.4,53.8,16.9
Josh Christopher,HOU,21,6-4,215,,,,,,,,,,,2.4,6.8,21.5,52.3,14.9
Kenyon Martin Jr.,HOU,22,6-7,215,,,,,,,,,,,5.2,14.3,16,63.5,7.9
Kevin Porter Jr.,HOU,23,6-4,203,,,,,,,,,,,3.6,11.7,23.9,56.5,26
Tari Eason,HOU,21,6-8,215,,,,,,,,,,,10.1,17.2,18.4,52.5,7.5
Trevor Hudgins,HOU,24,6-0,180,,,,,,,,,,,0,0,17.7,43.6,17.6
TyTy Washington Jr.,HOU,21,6-3,195,,,,,,,,,,,0.4,9.9,17,43.2,15.2
Usman Garuba,HOU,21,6-8,229,,,,,,,,,,,11,19.4,9.9,56.9,9.6
Andre Iguodala,GSW,39,6-6,215,,,,,,,,,,,2.7,11.3,8.9,52.1,18.3
Andrew Wiggins,GSW,28,6-7,197,,,,,,,,,,,5,10.1,21.2,56.4,10
Anthony Lamb,GSW,25,6-6,227,,,,,,,,,,,4.7,12.9,13.6,61,11.1
Donte DiVincenzo,GSW,26,6-4,203,,,,,,,,,,,4.1,12.3,14.6,59.3,17.6
Draymond Green,GSW,33,6-6,230,,,,,,,,,,,2.9,18.5,12.9,59.2,26.8
Gary Payton II,GSW,30,6-2,195,,,,,,,,,,,6.9,12.1,10.1,70.1,10.6
JaMychal Green,GSW,32,6-9,227,,,,,,,,,,,8.7,16.4,16.9,65,9.4
Jonathan Kuminga,GSW,20,6-7,225,,,,,,,,,,,5.2,11.3,19.5,59.7,13.2
Jordan Poole,GSW,23,6-4,194,,,,,,,,,,,1.3,7.3,28.2,57.3,23.4
Kevon Looney,GSW,27,6-9,222,,,,,,,,,,,13.5,23.4,10.4,63.9,13.6
Klay Thompson,GSW,33,6-6,220,,,,,,,,,,,1.7,10.1,25.6,57.6,10.5
Lester Quinones,GSW,22,6-4,208,,,,,,,,,,,7.1,8.7,28.3,65.4,12.5
Moses Moody,GSW,20,6-5,211,,,,,,,,,,,3.4,9.1,14.1,60.3,8.5
Patrick Baldwin Jr.,GSW,20,6-9,220,,,,,,,,,,,0.4,18.8,22.7,54.6,8.3
Ryan Rollins,GSW,20,6-3,180,,,,,,,,,,,4.3,15.3,26,50.8,21.4
Stephen Curry,GSW,35,6-2,185,,,,,,,,,,,2,14.7,29.7,65.6,27.4
Ty Jerome,GSW,25,6-5,195,,,,,,,,,,,0.9,9.1,14.7,59.4,23.3
Alec Burks,DET,31,6-6,214,,,,,,,,,,,1.7,12.4,21.8,60.2,15
Bojan Bogdanovic,DET,34,6-7,226,,,,,,,,,,,1.8,9.9,25.1,62.7,13.3
Braxton Key,DET,26,6-8,225,,,,,,,,,,,0,6.7,9.1,106.4,0
Buddy Boeheim,DET,23,6-6,205,,,,,,,,,,,2.2,4.3,13.1,28.7,5.9
Cade Cunningham,DET,21,6-7,220,,,,,,,,,,,2.7,14.8,28.7,49.2,30.6
Cory Joseph,DET,31,6-3,200,,,,,,,,,,,1.6,7,14.9,55.8,25.6
Eugene Omoruyi,DET,26,6-6,235,,,,,,,,,,,6.5,11,19.2,53.3,6.5
Hamidou Diallo,DET,24,6-5,202,,,,,,,,,,,5.6,13.6,21,59.3,8.8
Isaiah Livers,DET,24,6-6,232,,,,,,,,,,,2.3,9.6,11.7,56.7,4.8
Isaiah Stewart,DET,21,6-8,250,,,,,,,,,,,7.8,20.2,17,56,7.3
Jaden Ivey,DET,21,6-4,195,,,,,,,,,,,3,9.4,25.1,52.8,26.9
Jalen Duren,DET,19,6-11,250,,,,,,,,,,,13,22.1,13.9,65.5,6.9
James Wiseman,DET,22,7-0,240,,,,,,,,,,,8.4,23.1,21.2,58.9,5.7
Jared Rhoden,DET,23,6-6,210,,,,,,,,,,,5.5,13.5,10.6,48.2,2.8
Killian Hayes,DET,21,6-5,195,,,,,,,,,,,1.2,9.2,20.1,45.5,32.5
Marvin Bagley III,DET,24,6-10,235,,,,,,,,,,,9.1,17.9,20.2,58.7,5.8
R.J. Hampton,DET,22,6-4,175,,,,,,,,,,,2.4,9.3,17.5,55.8,11
Rodney McGruder,DET,31,6-4,205,,,,,,,,,,,3.5,10.9,13.5,56.6,7.1
Stanley Umude,DET,24,6-6,210,,,,,,,,,,,0,0,50,53.2,0
Aaron Gordon,DEN,27,6-8,235,,,,,,,,,,,8.6,13.6,20.6,61.7,12.9
Bruce Brown,DEN,26,6-4,202,,,,,,,,,,,2.9,11.6,17.4,57.1,16.4
Christian Braun,DEN,22,6-6,220,,,,,,,,,,,4.2,11.2,12.7,56.8,7
DeAndre Jordan,DEN,34,6-11,265,,,,,,,,,,,9.4,25.2,13.4,73.1,8.4
Ish Smith,DEN,34,6-0,175,,,,,,,,,,,1.4,11.6,18.7,40.7,35.2
Jack White,DEN,25,6-7,225,,,,,,,,,,,8.6,17.7,13.3,51.7,9.3
Jamal Murray,DEN,26,6-4,215,,,,,,,,,,,2.4,9.9,25.6,57.1,26.5
Jeff Green,DEN,36,6-8,235,,,,,,,,,,,3.5,9.6,16.7,57.6,9.5
Kentavious Caldwell-Pope,DEN,30,6-5,204,,,,,,,,,,,1.6,7.4,13.6,59.8,9.2
Michael Porter Jr.,DEN,24,6-10,218,,,,,,,,,,,3.8,15.1,22,62.1,4.8
Nikola Jokic,DEN,28,6-11,284,,,,,,,,,,,8,28.3,26.3,70.1,41.2
Peyton Watson,DEN,20,6-7,200,,,,,,,,,,,4.3,13.9,17.4,55.3,8.7
Reggie Jackson,DEN,33,6-2,208,,,,,,,,,,,1.5,7.1,20.5,51.4,21.1
Thomas Bryant,DEN,25,6-10,248,,,,,,,,,,,8.1,22.3,18.1,68.2,4.2
Vlatko Cancar,DEN,26,6-8,236,,,,,,,,,,,2.7,11.9,13.4,60.6,12.5
Zeke Nnaji,DEN,22,6-9,240,,,,,,,,,,,8.7,9.9,14.9,62,4
A.J. Lawson,DAL,22,6-6,179,,,,,,,,,,,4.6,15.2,18.9,58.9,3.2
Chris Silva,DAL,26,6-8,234,,,,,,,,,,,0,0,25,100,0
Christian Wood,DAL,27,6-9,214,,,,,,,,,,,5.3,23.8,25.9,62.4,11.9
Davis Bertans,DAL,30,6-10,225,,,,,,,,,,,2,8.6,15.5,61.8,6.5
Dwight Powell,DAL,31,6-10,240,,,,,,,,,,,10.6,12,12.3,73.8,6.7
Facundo Campazzo,DAL,32,5-10,195,,,,,,,,,,,0,4.1,14.4,36,30
Frank Ntilikina,DAL,24,6-4,200,,,,,,,,,,,1.1,8.6,12.5,46.1,12.7
JaVale McGee,DAL,35,7-0,270,,,,,,,,,,,8.6,19.9,21.4,65,5.1
Jaden Hardy,DAL,20,6-3,198,,,,,,,,,,,1.5,10.6,24.8,57.1,14.7
Josh Green,DAL,22,6-7,200,,,,,,,,,,,3.7,8.7,14,64.5,9.6
Justin Holiday,DAL,34,6-6,180,,,,,,,,,,,0.7,6.7,13.2,49.4,8
Kemba Walker,DAL,33,6-0,184,,,,,,,,,,,2,9,21.5,54.3,21.6
Kyrie Irving,DAL,31,6-2,195,,,,,,,,,,,2.9,10.7,28.6,61.3,23.3
Luka Doncic,DAL,24,6-7,230,,,,,,,,,,,2.4,22.4,36.8,60.9,40.8
Markieff Morris,DAL,33,6-9,245,,,,,,,,,,,3.7,15,15.9,55.3,11.4
Maxi Kleber,DAL,31,6-10,240,,,,,,,,,,,3.3,11.6,10,59.2,7.9
McKinley Wright IV,DAL,24,5-11,192,,,,,,,,,,,2.6,10.9,16,53.6,27.5
Reggie Bullock,DAL,32,6-6,205,,,,,,,,,,,1.4,11.2,9.8,57.7,6.3
Theo Pinson,DAL,27,6-7,212,,,,,,,,,,,2.9,16.3,13.6,51.2,19.6
Tim Hardaway Jr.,DAL,31,6-5,205,,,,,,,,,,,1,10.8,20.1,55.4,8.8
Tyler Dorsey,DAL,27,6-4,180,,,,,,,,,,,10,10,22.7,90,0
Caris LeVert,CLE,28,6-6,205,,,,,,,,,,,2.4,10.5,18.3,54.6,18.2
Cedi Osman,CLE,28,6-7,230,,,,,,,,,,,1.7,10,17.8,57.9,10.7
Danny Green,CLE,35,6-6,215,,,,,,,,,,,2.3,8,18.7,61.7,6.5
Darius Garland,CLE,23,6-1,192,,,,,,,,,,,1.2,6.7,26.2,58.7,32.8
Dean Wade,CLE,26,6-9,228,,,,,,,,,,,2.3,14.6,10,55,5.6
Donovan Mitchell,CLE,26,6-1,215,,,,,,,,,,,2.7,9.7,31,61.4,20.5
Dylan Windler,CLE,26,6-7,196,,,,,,,,,,,0,0,18.2,83.3,20
Evan Mobley,CLE,21,6-11,215,,,,,,,,,,,7.3,20,19.9,59.1,12.2
Isaac Okoro,CLE,22,6-5,225,,,,,,,,,,,3.3,8.5,11.7,61.4,7
Isaiah Mobley,CLE,23,6-8,238,,,,,,,,,,,5.3,17.4,16.6,52.1,5.4
Jarrett Allen,CLE,25,6-9,243,,,,,,,,,,,10.7,21,16.2,67,7.3
Lamar Stevens,CLE,25,6-6,230,,,,,,,,,,,4.6,14.5,13.6,52.4,4
Mamadi Diakite,CLE,26,6-9,228,,,,,,,,,,,5.1,13.3,16.4,56,7
Raul Neto,CLE,30,6-2,180,,,,,,,,,,,2.2,7.1,13.3,62.8,22.6
Ricky Rubio,CLE,32,6-2,190,,,,,,,,,,,1.5,11.2,17.2,44.2,29.5
Robin Lopez,CLE,35,7-0,281,,,,,,,,,,,7.5,9.7,15.6,67.5,10.5
Sam Merrill,CLE,26,6-4,205,,,,,,,,,,,0,16.7,17.7,54.6,14.3
Alex Caruso,CHI,29,6-5,186,,,,,,,,,,,2.8,9.9,10.9,58.8,15.5
Andre Drummond,CHI,29,6-11,279,,,,,,,,,,,16,35.3,19.6,60.6,5.7
Ayo Dosunmu,CHI,23,6-5,200,,,,,,,,,,,2.2,8.1,14.5,56.7,13.5
Carlik Jones,CHI,25,6-0,174,,,,,,,,,,,1.6,6.9,15.3,54,13.3
Coby White,CHI,23,6-5,195,,,,,,,,,,,0.9,11,17,57.2,15.9
Dalen Terry,CHI,20,6-7,195,,,,,,,,,,,5.6,11.7,17.3,52.3,15.7
DeMar DeRozan,CHI,33,6-6,220,,,,,,,,,,,1.3,11.6,27.2,59.2,22.2
Derrick Jones Jr.,CHI,26,6-6,210,,,,,,,,,,,6.9,9.8,13.8,59.7,5.2
Javonte Green,CHI,29,6-5,205,,,,,,,,,,,5.7,11.9,12.8,64.6,6.2
Malcolm Hill,CHI,27,6-6,220,,,,,,,,,,,0,21.4,16.7,62.5,0
Marko Simonovic,CHI,23,7-0,220,,,,,,,,,,,4.3,5.9,14.5,38.1,0
Nikola Vucevic,CHI,32,6-10,260,,,,,,,,,,,6.2,27.4,21.8,59.4,14.6
Patrick Beverley,CHI,34,6-2,180,,,,,,,,,,,2.5,11.1,10.7,53.4,13.7
Patrick Williams,CHI,21,6-7,215,,,,,,,,,,,3.6,10.7,15.6,57.6,5.9
Terry Taylor,CHI,23,6-4,230,,,,,,,,,,,8.8,7.6,12.9,55.7,5.2
Tony Bradley,CHI,25,6-11,248,,,,,,,,,,,2.9,27.8,17.4,69,4.2
Zach LaVine,CHI,28,6-5,200,,,,,,,,,,,1.6,10.8,27.8,60.7,18.7
Bryce McGowens,CHA,20,6-6,175,,,,,,,,,,,2.5,8.8,14.7,51.9,9.8
Cody Martin,CHA,27,6-6,205,,,,,,,,,,,5.6,10.9,12.1,44.8,11.1
Dennis Smith Jr.,CHA,25,6-2,205,,,,,,,,,,,1.8,9.3,17.5,47.5,27.5
Gordon Hayward,CHA,33,6-7,225,,,,,,,,,,,2,11.2,19.6,56.3,18.7
JT Thor,CHA,20,6-9,203,,,,,,,,,,,3.5,11.5,13,50.6,5.4
James Bouknight,CHA,22,6-4,190,,,,,,,,,,,1.5,11.6,19.2,46.3,11.7
Kai Jones,CHA,22,6-11,221,,,,,,,,,,,6.5,14.6,12.1,59.7,4.1
Kelly Oubre Jr.,CHA,27,6-6,203,,,,,,,,,,,3.8,12.1,25.7,53.4,5.7
Kobi Simmons,CHA,25,6-5,180,,,,,,,,,,,3.6,8.8,11.9,36.3,31.3
LaMelo Ball,CHA,21,6-7,180,,,,,,,,,,,3.1,14.7,28.9,54.1,35.2
Mark Williams,CHA,21,7-0,240,,,,,,,,,,,10.6,23.2,16.8,65.9,3.3
Nick Richards,CHA,25,7-0,245,,,,,,,,,,,11.3,21,15.1,67.6,4.6
P.J. Washington,CHA,24,6-7,230,,,,,,,,,,,2.8,11.8,20,54.2,10.7
Svi Mykhailiuk,CHA,25,6-7,205,,,,,,,,,,,3.2,7.9,19.1,58.4,16.7
Terry Rozier,CHA,29,6-1,190,,,,,,,,,,,2.1,9.5,26.2,51.7,22
Theo Maledon,CHA,21,6-5,175,,,,,,,,,,,1.6,12.8,16.6,51.5,24.7
Xavier Sneed,CHA,25,6-5,215,,,,,,,,,,,0,8.5,13.6,72.3,16.7
Al Horford,BOS,36,6-9,240,,,,,,,,,,,3.9,15.9,11.9,63.1,12.8
Blake Griffin,BOS,34,6-9,250,,,,,,,,,,,7.9,19.5,12.5,59,14.2
Derrick White,BOS,28,6-4,190,,,,,,,,,,,2.3,9.8,17.4,60.4,19.1
Grant Williams,BOS,24,6-6,236,,,,,,,,,,,4.2,13.4,12.8,60.5,8.6
JD Davison,BOS,20,6-1,195,,,,,,,,,,,3.3,9.3,15.7,47.8,23.4
Jaylen Brown,BOS,26,6-6,223,,,,,,,,,,,3.2,15.2,30.7,58.1,16.3
Jayson Tatum,BOS,25,6-8,210,,,,,,,,,,,2.9,20,31.9,60.7,20.5
Justin Champagnie,BOS,21,6-6,206,,,,,,,,,,,8.8,17.9,18.8,36.7,14.8
Justin Jackson,BOS,28,6-8,220,,,,,,,,,,,1.7,11.9,12.2,35.9,14.5
Luke Kornet,BOS,27,7-2,250,,,,,,,,,,,10.6,12.5,11.1,69.7,9.3
Malcolm Brogdon,BOS,30,6-4,229,,,,,,,,,,,2.4,13.2,22.3,61.5,22.3
Marcus Smart,BOS,29,6-4,220,,,,,,,,,,,2.4,7.3,17.6,53.8,25.6
Mfiondu Kabengele,BOS,25,6-10,250,,,,,,,,,,,13.2,15.2,10.7,38.1,0
Mike Muscala,BOS,31,6-11,240,,,,,,,,,,,3.8,16.1,14.6,60.8,6.9
Noah Vonleh,BOS,27,6-10,257,,,,,,,,,,,11,17.4,9,50.2,5.1
Payton Pritchard,BOS,25,6-1,195,,,,,,,,,,,3.8,9.4,19.3,53.6,15.3
Robert Williams III,BOS,25,6-9,237,,,,,,,,,,,12.4,20.9,11.3,74.2,8.6
Sam Hauser,BOS,25,6-7,217,,,,,,,,,,,2.7,12.1,14.1,63.4,7.6
Alondes Williams,BKN,23,6-4,210,,,,,,,,,,,0,25,14.3,0,0
Ben Simmons,BKN,26,6-10,240,,,,,,,,,,,4,18.6,14.2,55.9,29.5
Cam Thomas,BKN,21,6-3,210,,,,,,,,,,,0.9,8.9,26.8,56.7,13.3
Cameron Johnson,BKN,27,6-8,210,,,,,,,,,,,2.9,12,20.2,61.7,9.9
David Duke Jr.,BKN,23,6-4,204,,,,,,,,,,,4.9,7.8,18.7,49.7,14.5
Day'Ron Sharpe,BKN,21,6-9,265,,,,,,,,,,,16.8,19,17.3,58.1,9.9
Dorian Finney-Smith,BKN,30,6-7,220,,,,,,,,,,,5.5,10.5,12.9,52.3,7
Dru Smith,BKN,25,6-3,203,,,,,,,,,,,1.2,13.2,13.3,47.5,20.6
Edmond Sumner,BKN,27,6-4,196,,,,,,,,,,,1.9,8.6,20.9,59.7,13
Joe Harris,BKN,31,6-6,220,,,,,,,,,,,1.6,8.9,14.1,62.1,9.1
Mikal Bridges,BKN,26,6-6,209,,,,,,,,,,,2.6,9.4,22.3,58.7,14.1
Moses Brown,BKN,23,7-2,245,,,,,,,,,,,16.5,26.2,18.8,60.7,2.1
Nerlens Noel,BKN,29,6-10,220,,,,,,,,,,,4.7,18.9,11.3,42.4,7.4
Nic Claxton,BKN,24,6-11,215,,,,,,,,,,,8.8,21.3,15.5,69.1,9.1
Patty Mills,BKN,34,6-0,180,,,,,,,,,,,1.4,6.2,18.2,55.4,13.6
RaiQuan Gray,BKN,23,6-7,269,,,,,,,,,,,7.5,17.6,20.5,62.1,35
Royce O'Neale,BKN,29,6-6,226,,,,,,,,,,,2.5,12.9,13.6,53.8,15.5
Seth Curry,BKN,32,6-1,185,,,,,,,,,,,1.1,7.1,18.8,59.3,12.1
Spencer Dinwiddie,BKN,30,6-5,215,,,,,,,,,,,1,9.2,22,57.3,29.7
Yuta Watanabe,BKN,28,6-8,215,,,,,,,,,,,3.4,11.7,12.7,63.7,7.1
AJ Griffin,ATL,19,6-6,220,,,,,,,,,,,2.6,8,17.4,57.7,7
Aaron Holiday,ATL,26,6-0,185,,,,,,,,,,,2.8,5.9,12.9,52.8,13.5
Bogdan Bogdanovic,ATL,30,6-5,225,,,,,,,,,,,1.5,9.3,19.6,58.6,13.4
Bruno Fernando,ATL,24,6-10,240,,,,,,,,,,,12.3,19,15.9,57.1,11.7
Clint Capela,ATL,28,6-10,256,,,,,,,,,,,14.2,26.8,15.1,65.6,4.5
De'Andre Hunter,ATL,25,6-8,221,,,,,,,,,,,2.1,11.2,19.3,56.3,5.9
Dejounte Murray,ATL,26,6-5,180,,,,,,,,,,,1.9,12.7,23.9,54,23.9
Donovan Williams,ATL,21,6-6,190,,,,,,,,,,,0,40,38.5,40,0
Garrison Mathews,ATL,26,6-6,215,,,,,,,,,,,1.4,8.2,13.9,57.3,5.7
Jalen Johnson,ATL,21,6-8,219,,,,,,,,,,,4.7,21.4,15.6,55.4,10.6
Jarrett Culver,ATL,24,6-6,195,,,,,,,,,,,6.5,21.9,16.4,45.2,5.5
John Collins,ATL,25,6-9,226,,,,,,,,,,,3.5,18,16.8,59.3,5.2
Onyeka Okongwu,ATL,22,6-9,240,,,,,,,,,,,11.7,19,15,67.8,6
Saddiq Bey,ATL,24,6-7,215,,,,,,,,,,,4.4,12.7,19.4,56.4,8
Trae Young,ATL,24,6-1,164,,,,,,,,,,,2.1,6.2,31.3,57.3,41.4
Trent Forrest,ATL,24,6-4,210,,,,,,,,,,,1.8,11.7,11.6,42.4,18.6
Tyrese Martin,ATL,24,6-6,215,,,,,,,,,,,6.5,10.9,16.4,44,4.4
Vit Krejci,ATL,22,6-8,195,,,,,,,,,,,3.6,,,,